Customer_ID,Customer_Name,Age,Gender,Segment,Join_Date
1,Sydney Jones,56,Male,Corporate,2025-07-12
2,Meredith Lester,46,Female,Small Business,2021-01-19
3,Bryan Massey,32,Female,Corporate,2021-01-23
4,Julian Anderson,60,Female,Corporate,2022-02-17
5,Amanda Russell,25,Male,Corporate,2023-11-20
6,Roy Walker,38,Male,Corporate,2021-04-18
7,Amanda Santos,56,Male,Consumer,2024-10-22
8,Alexis Rodriguez,36,Male,Consumer,2024-07-28
9,Michael Cooper,40,Male,Small Business,2024-02-26
10,Joshua Brooks,28,Male,Consumer,2024-06-06
11,Robin Robinson,28,Male,Consumer,2024-02-09
12,Amber Li MD,41,Male,Small Business,2021-05-16
13,Crystal Wells,53,Female,Small Business,2021-12-28
14,Sydney Shelton,57,Female,Small Business,2024-04-24
15,Amber Hall,41,Male,Consumer,2025-08-07
16,Diana Brown,20,Male,Consumer,2025-05-27
17,Brittney Farley,39,Female,Small Business,2021-05-09
18,Derek Whitaker,19,Male,Corporate,2024-07-08
19,Sarah Davis,41,Male,Small Business,2022-05-30
20,Eric Baker DVM,61,Male,Corporate,2022-03-25
21,James Hanson,47,Female,Corporate,2024-02-02
22,Mary Bennett,55,Female,Small Business,2025-02-15
23,Gary Eaton,19,Female,Small Business,2024-06-01
24,Anthony Gonzalez,38,Female,Small Business,2023-05-24
25,Judy Barnes,50,Female,Consumer,2025-02-23
26,Donna King,29,Male,Corporate,2022-04-18
27,Kristina Moreno,39,Female,Consumer,2023-10-31
28,Nicole Stevens,61,Male,Consumer,2024-11-29
29,Susan Robinson,42,Male,Small Business,2021-10-29
30,Andrea Leach,44,Female,Consumer,2021-08-19
31,Jeffery Simpson,59,Female,Small Business,2025-10-21
32,Donald Huff,45,Male,Corporate,2023-07-12
33,Tony Nelson,33,Male,Small Business,2023-12-26
34,Cassandra Kemp,32,Male,Consumer,2023-07-26
35,Randy Crawford,64,Female,Consumer,2021-04-22
36,Taylor Sullivan,61,Female,Small Business,2023-11-03
37,Dr. Michelle Reyes,20,Female,Small Business,2024-11-17
38,David Sullivan,54,Female,Consumer,2022-05-15
39,Kenneth Chang,24,Female,Corporate,2023-07-21
40,Cindy Suarez,38,Male,Corporate,2022-08-21
41,Mrs. Donna Serrano,26,Female,Small Business,2021-08-22
42,Mike Brown,56,Male,Corporate,2022-08-25
43,Sue Dawson,35,Male,Consumer,2021-11-10
44,James Landry,21,Male,Small Business,2022-07-20
45,Thomas Davis,42,Female,Consumer,2023-11-02
46,Riley Alvarez,31,Female,Consumer,2021-07-28
47,Connie Smith,26,Female,Corporate,2023-11-04
48,Juan Dean,43,Male,Small Business,2025-07-15
49,Sydney Wilson,19,Male,Small Business,2024-12-12
50,Lauren Hernandez,37,Male,Corporate,2024-12-31
51,Stephen Collins,45,Male,Consumer,2024-11-01
52,Richard Cruz,64,Male,Consumer,2023-11-10
53,Amanda Hernandez,24,Male,Consumer,2022-08-10
54,Megan Kelly,61,Female,Consumer,2025-11-14
55,Carla Castaneda,25,Female,Small Business,2025-10-25
56,Tara Martin,64,Female,Small Business,2023-10-12
57,Patricia Cruz,52,Female,Corporate,2023-12-30
58,Michelle Morales,31,Male,Corporate,2024-05-19
59,Sarah Bell,34,Male,Small Business,2024-01-30
60,Dennis White,53,Female,Small Business,2022-11-29
61,Mark Clark,57,Male,Consumer,2021-05-12
62,Monica Rodriguez,21,Female,Consumer,2025-07-05
63,Angela Robertson,19,Female,Corporate,2024-11-05
64,Jasmine Yang,23,Female,Small Business,2024-03-01
65,Jacob Valdez,59,Male,Corporate,2023-11-10
66,Stacy Bell,21,Female,Small Business,2022-06-20
67,Adam Lopez,46,Female,Consumer,2023-10-11
68,Valerie Ward,35,Female,Corporate,2021-08-15
69,Kristina Rubio,43,Male,Corporate,2024-03-23
70,Jerry Jordan,61,Male,Small Business,2025-11-01
71,Janice Shah,51,Female,Consumer,2025-02-01
72,Pamela Thomas,27,Male,Corporate,2023-04-02
73,David Powell DVM,53,Male,Consumer,2023-05-21
74,Angela Davies,31,Male,Corporate,2022-02-09
75,Gordon Williams,48,Male,Consumer,2021-07-21
76,Dr. Alexander Bentley,32,Male,Small Business,2021-02-07
77,Austin Coleman,25,Male,Corporate,2023-07-31
78,Paul Chapman,31,Male,Corporate,2025-12-01
79,David Odonnell,40,Male,Consumer,2021-07-07
80,Valerie Reyes,57,Male,Consumer,2023-12-17
81,Monica Norman,38,Male,Corporate,2023-07-30
82,Sara Morgan,33,Female,Small Business,2023-11-10
83,Heather Davis,62,Female,Consumer,2021-09-30
84,Amber Cohen,35,Male,Consumer,2024-02-17
85,William Cantu,64,Female,Consumer,2022-08-06
86,Sean Chen,41,Female,Corporate,2022-05-31
87,Stanley Carey,43,Male,Corporate,2024-05-29
88,Karen Adams,42,Male,Corporate,2022-06-10
89,Michael Larson,62,Male,Corporate,2025-03-19
90,Samantha Harris,58,Female,Small Business,2025-10-18
91,Shannon Smith,46,Female,Small Business,2025-10-31
92,Daniel Davenport,32,Male,Corporate,2021-12-02
93,Johnny Berry,62,Male,Small Business,2022-11-29
94,Ashley Griffin,18,Male,Consumer,2023-12-15
95,Jamie Larson,42,Female,Consumer,2022-05-15
96,Cheryl Donaldson,24,Female,Consumer,2023-06-19
97,Jenna Perez,26,Female,Corporate,2023-02-05
98,Glenn Blevins,41,Female,Consumer,2022-06-20
99,Zachary Cannon,18,Male,Small Business,2021-06-11
100,Ryan Mullins,61,Male,Corporate,2025-08-21
101,Daisy Underwood,25,Male,Small Business,2022-08-17
102,David Cowan,41,Male,Consumer,2021-06-08
103,Brittany Thompson,28,Female,Consumer,2024-04-26
104,Robert Johnson,34,Female,Consumer,2021-03-01
105,Tony Everett,25,Male,Corporate,2023-07-04
106,Leslie Rios,52,Male,Small Business,2024-09-04
107,Eric Pollard,52,Female,Corporate,2021-07-30
108,Timothy Garrett,50,Male,Corporate,2022-02-10
109,Gabriel Ross,22,Female,Consumer,2022-10-26
110,Alexandria Brown,59,Male,Corporate,2024-02-07
111,Kimberly Hughes,56,Male,Corporate,2024-01-05
112,Cynthia Webb,58,Male,Consumer,2022-06-26
113,Natasha Villanueva,45,Male,Corporate,2024-08-30
114,Scott Frazier,24,Male,Consumer,2023-09-25
115,Angela Taylor,26,Male,Consumer,2024-02-15
116,Veronica Mcdowell,25,Male,Consumer,2023-07-16
117,Jennifer Anderson,29,Female,Consumer,2023-05-18
118,Melissa Medina,51,Female,Corporate,2025-09-24
119,Daniel Ross,50,Female,Consumer,2021-01-19
120,Angela Smith,40,Female,Consumer,2022-03-08
121,Tracy Young,41,Female,Corporate,2025-09-05
122,Benjamin Munoz,54,Male,Corporate,2023-01-10
123,Mr. Javier King,52,Male,Small Business,2024-10-05
124,Michael Anderson,61,Female,Corporate,2021-07-02
125,Bailey Cruz,57,Male,Corporate,2021-04-23
126,Kathleen Waters,39,Female,Small Business,2024-04-21
127,Jennifer King,44,Female,Corporate,2022-04-26
128,Eric Morales,52,Male,Corporate,2024-03-15
129,Denise Mason,18,Male,Corporate,2023-04-11
130,Joshua Russo,52,Male,Corporate,2025-07-10
131,Daniel Poole,54,Female,Small Business,2024-02-11
132,Timothy Marshall,64,Male,Corporate,2023-02-02
133,Joshua Martin,31,Female,Corporate,2022-04-21
134,Alexandria Bright,20,Female,Small Business,2023-02-02
135,Kevin Lane,18,Female,Consumer,2024-08-19
136,John Brooks,22,Male,Small Business,2023-08-29
137,Joshua Allen,43,Male,Consumer,2023-10-17
138,Jason Glenn,31,Female,Small Business,2024-02-16
139,Alexander Jones,56,Male,Small Business,2021-06-10
140,Jessica Allison,44,Male,Corporate,2022-02-05
141,Jessica Christensen,26,Male,Consumer,2021-07-17
142,Joseph Wiggins,32,Female,Corporate,2024-07-07
143,Amanda Williams,32,Female,Consumer,2022-10-22
144,Michelle Flores,43,Male,Small Business,2025-11-11
145,Crystal Cole,59,Female,Small Business,2023-12-07
146,Matthew Joseph,30,Male,Consumer,2022-02-03
147,Nicole Tran,49,Male,Corporate,2025-09-30
148,Christina Le,56,Male,Corporate,2025-05-02
149,Sonya Harper,49,Male,Corporate,2021-03-19
150,Steven Hays,21,Female,Corporate,2021-05-04
151,Robert Sanchez,47,Female,Small Business,2021-03-16
152,Cody Morgan,54,Female,Small Business,2021-05-17
153,Henry Brown,40,Male,Small Business,2022-08-25
154,Nicole Davis,56,Male,Small Business,2024-11-24
155,Robert Jones,62,Male,Small Business,2023-04-17
156,Samantha Proctor,32,Female,Corporate,2025-03-09
157,Nicole Vargas,60,Male,Corporate,2022-05-15
158,Katie Holden,46,Female,Corporate,2025-05-16
159,Teresa Garcia,53,Female,Corporate,2021-05-18
160,Mark Alvarado,30,Female,Small Business,2021-02-19
161,David Adams,49,Female,Small Business,2025-11-30
162,Brandy Mclaughlin,24,Female,Small Business,2023-08-31
163,Chris Vaughn,39,Female,Consumer,2025-07-01
164,Karen Shannon,45,Male,Corporate,2025-07-07
165,Mike Thomas,19,Male,Corporate,2021-09-11
166,Amanda Morris,59,Female,Small Business,2025-07-12
167,Vincent Bowen,62,Female,Corporate,2022-12-11
168,Carol Banks,23,Male,Corporate,2022-07-17
169,Diane Payne,45,Female,Small Business,2023-01-27
170,Matthew Evans,45,Female,Consumer,2024-12-20
171,Laura Castro,61,Male,Consumer,2022-07-01
172,Steven Cole,61,Female,Consumer,2024-08-18
173,Evan Green,37,Female,Small Business,2023-07-11
174,Carolyn Bartlett,47,Female,Corporate,2022-08-04
175,Faith King,28,Male,Small Business,2024-10-04
176,Jennifer Le,45,Male,Small Business,2021-02-18
177,Jordan Fuller,42,Male,Corporate,2023-07-06
178,Victoria Johnson,56,Female,Consumer,2024-01-03
179,Megan Duke,50,Female,Consumer,2022-12-05
180,William Yates,18,Male,Small Business,2021-09-18
181,Nathan Bennett,44,Female,Consumer,2021-12-22
182,Tristan Ellis,30,Female,Small Business,2025-05-25
183,Tracey Hines,58,Female,Small Business,2025-06-14
184,Justin Garcia,20,Female,Corporate,2024-07-07
185,Monica Nguyen,56,Female,Corporate,2022-09-30
186,Derrick Riggs,23,Male,Corporate,2023-01-13
187,Michael Hammond,25,Female,Small Business,2024-08-11
188,Angela Cruz,44,Male,Corporate,2023-10-07
189,Kelly Tucker,26,Female,Consumer,2023-07-20
190,Dennis Thompson,54,Male,Consumer,2022-10-03
191,Stephen Lin,50,Female,Small Business,2023-03-03
192,Thomas Sparks,59,Male,Small Business,2024-08-29
193,Kyle Jackson,61,Female,Corporate,2022-09-04
194,Michael Holmes,41,Male,Small Business,2023-03-20
195,Samantha Campbell,32,Female,Small Business,2024-04-20
196,Mr. Joe Owen,49,Male,Consumer,2022-11-17
197,Steven Burns,49,Female,Consumer,2024-10-19
198,Christopher Petersen,41,Male,Corporate,2021-07-07
199,Andrew Small,58,Male,Small Business,2025-05-12
200,Lisa Farrell,29,Female,Small Business,2025-04-16
201,Heather Barber,56,Female,Consumer,2025-06-08
202,Jeffrey Mueller,19,Male,Small Business,2025-08-15
203,Glenda Miller,20,Female,Consumer,2023-09-12
204,Charles Lewis,54,Male,Corporate,2022-07-02
205,Timothy Parrish,34,Male,Consumer,2022-12-26
206,Jeffery Edwards,19,Male,Small Business,2023-07-15
207,Joseph Roberts,19,Female,Corporate,2024-12-02
208,Edward Andrews,45,Male,Consumer,2023-05-26
209,Cameron Smith,40,Male,Consumer,2022-09-10
210,Lynn Martinez,54,Female,Corporate,2022-02-18
211,Ms. Taylor Thomas,49,Female,Corporate,2024-09-27
212,Donald Mann,50,Female,Consumer,2024-05-28
213,Maria Juarez,18,Female,Small Business,2023-06-22
214,Barbara Patton,36,Male,Consumer,2021-06-12
215,Sherry Moran,19,Male,Corporate,2024-05-28
216,Michael Cruz,61,Male,Consumer,2021-09-27
217,Taylor Garcia,43,Male,Corporate,2022-09-24
218,Jason Franklin,49,Female,Corporate,2023-06-25
219,Latoya Holmes,23,Male,Small Business,2024-11-24
220,Jeff Chandler,49,Male,Corporate,2024-04-20
221,Curtis Hess,21,Female,Corporate,2025-06-30
222,Alexander Stewart,28,Male,Small Business,2025-10-19
223,Devin Tran,34,Male,Corporate,2021-07-24
224,Jillian Smith,55,Male,Small Business,2022-08-05
225,Heather Jefferson,41,Male,Small Business,2025-04-29
226,Eddie Parker,22,Male,Corporate,2023-04-21
227,Anne Rodriguez,51,Male,Corporate,2024-06-05
228,Robert Rodriguez,23,Female,Consumer,2025-09-16
229,Jennifer Cruz,39,Female,Small Business,2025-07-01
230,Kiara White,28,Male,Consumer,2022-08-19
231,Karen Perkins,33,Male,Corporate,2021-09-07
232,Monique Hicks,50,Female,Consumer,2023-05-25
233,Tommy Melton,26,Male,Small Business,2025-01-04
234,Andrea Moore,23,Male,Consumer,2025-04-06
235,Michael Kennedy,33,Male,Small Business,2021-07-15
236,Carol Wilson,46,Female,Corporate,2022-11-21
237,Jessica Johnson,20,Male,Corporate,2025-03-23
238,Timothy Miller,37,Female,Small Business,2023-12-30
239,John Gray,53,Male,Corporate,2022-10-01
240,Henry Nelson,36,Female,Corporate,2024-11-23
241,Mary Pham,43,Female,Corporate,2022-11-03
242,Daniel Rodriguez,20,Male,Corporate,2025-11-19
243,Jennifer Smith,36,Female,Small Business,2024-05-11
244,David Simmons,37,Male,Consumer,2024-03-17
245,Anthony Ayala,49,Female,Consumer,2025-02-04
246,Andrew Hood,24,Male,Corporate,2025-08-06
247,Michael King,58,Male,Consumer,2023-08-02
248,Mrs. Samantha Cohen MD,50,Female,Consumer,2021-07-18
249,Jonathan Garcia,57,Male,Corporate,2024-12-20
250,Eric Osborne,56,Male,Corporate,2025-08-17
251,Andres York,35,Female,Consumer,2022-05-07
252,Jenny Dixon,57,Male,Small Business,2023-06-15
253,Jennifer Sandoval,18,Male,Corporate,2021-05-22
254,Alicia Williams,28,Female,Small Business,2024-08-29
255,Aimee Bradshaw,45,Female,Consumer,2021-06-14
256,Dr. Angie Garza,42,Male,Corporate,2021-11-10
257,Melissa Burgess,40,Male,Small Business,2021-01-21
258,Luis Lee,48,Female,Corporate,2024-01-11
259,Tony Glenn,47,Female,Consumer,2025-05-24
260,Kenneth Kelley,59,Male,Small Business,2024-02-29
261,Timothy Nelson,52,Female,Consumer,2025-06-11
262,Tyler Williams,24,Male,Consumer,2025-10-20
263,Andrew Hanson,33,Male,Corporate,2023-09-11
264,David Brown,43,Male,Small Business,2021-11-01
265,Michelle Green,19,Male,Consumer,2022-01-06
266,Breanna Morse,18,Male,Consumer,2023-05-03
267,Jasmine Martin,29,Female,Small Business,2022-01-19
268,Samantha Stephens,22,Female,Consumer,2022-03-21
269,Matthew Arnold PhD,54,Female,Consumer,2022-03-01
270,Jeanne Hansen,49,Female,Small Business,2021-06-10
271,Connor Nelson,26,Male,Small Business,2024-04-16
272,Yvette Hogan,58,Male,Small Business,2022-09-21
273,Debra Smith,52,Male,Small Business,2025-09-28
274,David Ramos,36,Male,Corporate,2023-06-14
275,Joseph Edwards,33,Female,Small Business,2022-05-05
276,Bradley Bell,20,Male,Corporate,2023-10-14
277,Gabrielle Lewis,37,Male,Corporate,2021-11-23
278,Heather Luna,41,Female,Corporate,2022-08-21
279,Alexis Gonzales,50,Female,Consumer,2023-10-12
280,Christopher Hendrix,41,Female,Corporate,2021-10-16
281,Jennifer Murphy,28,Female,Corporate,2022-08-16
282,Anthony Kelly,25,Male,Consumer,2025-08-15
283,Tiffany Krause,53,Male,Consumer,2025-05-16
284,Amy Ryan,55,Female,Consumer,2022-07-27
285,Eric Morris,57,Male,Small Business,2024-10-09
286,Pamela Rowland,37,Male,Consumer,2021-01-28
287,Emily Moreno,52,Male,Consumer,2023-08-12
288,Heather Gibson,42,Female,Corporate,2021-02-12
289,Eric Mason,52,Male,Consumer,2025-09-01
290,Sue Soto,42,Female,Small Business,2022-02-27
291,Eric Fisher,46,Male,Consumer,2025-06-10
292,Donald Morton,35,Male,Small Business,2021-06-26
293,Adam Jackson,63,Male,Consumer,2022-06-13
294,Patricia Osborne,35,Female,Consumer,2025-06-22
295,Steven Mason,19,Male,Consumer,2023-08-24
296,Joshua Vincent,52,Female,Consumer,2025-02-26
297,Kevin Anderson,33,Female,Small Business,2021-07-17
298,Nicole Hill,58,Female,Small Business,2022-09-02
299,Samuel Harvey,53,Male,Corporate,2025-05-20
300,Amanda Johnson,50,Male,Small Business,2023-04-22
301,Daniel Hayes,21,Male,Consumer,2023-05-03
302,Cynthia Reyes,50,Male,Corporate,2025-03-21
303,Mindy Ward,31,Female,Corporate,2025-03-18
304,Bryan Macias,38,Female,Corporate,2021-01-22
305,Cody Walker,37,Female,Consumer,2024-02-10
306,Jeanne Davis,25,Male,Small Business,2023-12-17
307,Austin Mendez,24,Female,Consumer,2023-12-26
308,Jared Lewis,20,Male,Corporate,2023-04-22
309,Bryan Melton,34,Female,Consumer,2021-04-08
310,Anna Harrison,50,Male,Consumer,2024-03-13
311,Jason Davis,29,Male,Small Business,2022-03-11
312,Alexandra Kelley,39,Female,Small Business,2022-09-29
313,Megan Johnson,39,Female,Corporate,2025-08-30
314,Kenneth Smith,63,Female,Consumer,2024-01-15
315,Ronald White,47,Female,Consumer,2022-08-11
316,Amanda Evans,55,Male,Small Business,2021-12-10
317,Patrick Richards,55,Female,Consumer,2024-08-10
318,James Evans,62,Female,Consumer,2022-07-25
319,Randy Fry,25,Female,Consumer,2025-08-01
320,Edward Valdez,44,Male,Small Business,2022-09-03
321,Curtis Raymond,44,Male,Corporate,2025-09-24
322,Ryan Schneider,51,Female,Corporate,2021-08-31
323,Anthony Wallace,38,Male,Consumer,2022-07-15
324,Greg Stevenson,47,Female,Corporate,2023-08-18
325,Brandi Martinez,50,Male,Small Business,2021-02-01
326,Patricia Holloway,45,Male,Small Business,2022-01-26
327,Christina Smith,64,Male,Corporate,2021-10-04
328,Justin Salazar,50,Male,Corporate,2022-06-16
329,Danielle Martinez,22,Female,Consumer,2024-03-23
330,Miss Morgan Everett,36,Female,Corporate,2022-01-18
331,Brianna Williams,21,Female,Consumer,2023-12-28
332,Laura Williams,52,Male,Consumer,2023-06-03
333,Tammy Hamilton,34,Female,Small Business,2021-08-02
334,Tracy Santos,61,Female,Small Business,2025-08-06
335,Christina Johnson,45,Female,Small Business,2022-01-11
336,Matthew Patterson,47,Male,Small Business,2023-01-14
337,Dennis Mcgee,46,Male,Corporate,2021-08-01
338,Kenneth Hammond,63,Male,Small Business,2021-03-20
339,Julie Smith,23,Female,Corporate,2025-10-16
340,Brian Spencer,52,Female,Small Business,2022-09-20
341,Melanie Boyer,58,Female,Corporate,2022-08-27
342,Joel Morton,54,Male,Consumer,2023-02-21
343,Richard Rogers,41,Male,Corporate,2024-11-05
344,Timothy Williams,46,Female,Corporate,2023-09-28
345,Brian Taylor,63,Male,Small Business,2022-11-11
346,Jessica Calderon,48,Male,Corporate,2021-02-27
347,Benjamin Hood,52,Male,Consumer,2025-12-25
348,Sean Nelson,50,Male,Consumer,2023-11-16
349,David Waller,38,Female,Small Business,2023-05-31
350,Christopher Cooper,49,Male,Consumer,2022-03-23
351,Sarah Walker,40,Male,Corporate,2021-03-07
352,Denise Snyder,50,Male,Consumer,2025-11-19
353,Micheal Williams,20,Male,Small Business,2024-07-01
354,Gavin Jones,35,Female,Corporate,2023-12-04
355,Anthony Hickman,42,Female,Small Business,2024-01-26
356,Lawrence Porter,59,Male,Corporate,2025-04-27
357,Justin Burns,48,Male,Consumer,2023-10-09
358,Leroy Brandt,20,Male,Small Business,2021-08-15
359,Brent Edwards,57,Male,Small Business,2023-02-13
360,Margaret Bryant,63,Male,Corporate,2022-11-10
361,Margaret Stevens,41,Male,Small Business,2024-12-30
362,Dylan Hernandez,49,Female,Corporate,2025-12-20
363,Megan Nelson,64,Male,Corporate,2022-08-24
364,Mark Gutierrez,39,Female,Corporate,2022-01-14
365,Stephanie Garcia,40,Female,Corporate,2024-04-16
366,Cody Bell,19,Male,Consumer,2024-12-21
367,Stephen Spencer,44,Female,Corporate,2022-12-10
368,Elizabeth Barnes,59,Female,Small Business,2021-11-03
369,Mr. Joshua Bowman MD,19,Female,Consumer,2023-02-18
370,Jennifer Atkins,43,Female,Small Business,2022-05-19
371,Richard Carter,34,Female,Consumer,2021-09-25
372,Andrew Park,57,Female,Corporate,2025-05-29
373,Tyler Carter,50,Male,Consumer,2021-01-08
374,Thomas Walls,26,Female,Consumer,2022-05-23
375,William Dixon,60,Female,Small Business,2022-04-21
376,Robin Fernandez,56,Female,Small Business,2024-08-13
377,Yvonne Park,46,Male,Corporate,2021-06-13
378,Linda Hart,59,Female,Consumer,2022-04-30
379,Christopher Gomez,43,Male,Consumer,2025-06-09
380,Danielle Riddle,52,Female,Consumer,2024-01-01
381,Alexander White,42,Male,Corporate,2022-07-21
382,Nicole White,41,Male,Corporate,2023-06-24
383,Robert Walter,30,Female,Corporate,2022-07-13
384,Sara Woods,24,Female,Corporate,2021-08-26
385,Mary Quinn,53,Male,Corporate,2024-02-02
386,Nicholas Clark,62,Female,Small Business,2024-05-18
387,Jason Mason,37,Male,Consumer,2022-07-08
388,Joan Phillips,18,Male,Consumer,2023-04-08
389,David Dorsey,25,Male,Consumer,2022-04-13
390,Mark Castillo PhD,63,Male,Consumer,2025-01-17
391,Ryan Martinez,33,Male,Consumer,2024-07-15
392,Catherine Hood,31,Female,Consumer,2022-01-21
393,Aaron Young,29,Male,Consumer,2023-02-14
394,Jesse Carlson,40,Male,Consumer,2023-04-28
395,Sarah Harris,32,Female,Small Business,2022-01-22
396,Brittney Howard,45,Male,Consumer,2023-05-27
397,Jacqueline Davis,51,Female,Small Business,2021-09-16
398,Kelly Clark,19,Female,Corporate,2021-10-10
399,Aaron Lee,49,Female,Consumer,2025-07-08
400,Daniel Conway,40,Male,Corporate,2021-02-09
401,Michael Cooper,39,Male,Corporate,2022-05-01
402,Shirley Brown,42,Male,Corporate,2023-07-18
403,Daniel Smith,39,Female,Small Business,2021-08-08
404,Janice Jennings,39,Male,Corporate,2024-02-27
405,Mr. Jim Smith,59,Female,Corporate,2023-10-12
406,Albert Brown,23,Male,Corporate,2023-10-21
407,Lisa Turner,32,Female,Consumer,2025-03-24
408,Charles Knight,60,Male,Consumer,2022-09-05
409,Julia Sanchez,54,Male,Small Business,2023-07-17
410,Michael Mclaughlin,50,Male,Small Business,2022-11-19
411,Melinda Floyd,25,Female,Consumer,2025-07-01
412,Charles Brown,61,Female,Small Business,2022-09-05
413,Laura Lee,61,Male,Consumer,2021-09-17
414,Stephen West,22,Male,Corporate,2023-09-17
415,Douglas Morgan MD,56,Female,Corporate,2023-08-24
416,Sheila Johnson,21,Female,Small Business,2022-01-01
417,Raymond Conner,23,Female,Consumer,2025-11-17
418,Lisa Booker,62,Male,Consumer,2025-12-16
419,Robert Kent,49,Female,Small Business,2022-06-28
420,Robert Brown,47,Male,Consumer,2022-10-11
421,Christopher Tucker,64,Female,Corporate,2025-03-28
422,John Townsend,52,Male,Small Business,2023-03-25
423,Jonathan Owens,57,Female,Small Business,2023-11-06
424,Keith Patton,33,Female,Consumer,2024-02-27
425,Clayton Duncan,30,Female,Small Business,2022-07-29
426,Angela Pearson,59,Female,Consumer,2024-02-07
427,Alexandra Cameron,47,Female,Consumer,2023-10-10
428,Natalie Coleman,36,Male,Consumer,2025-04-06
429,James Banks,34,Female,Consumer,2022-11-01
430,Joseph Jensen MD,36,Female,Consumer,2021-09-26
431,Gerald Jones,45,Female,Small Business,2024-03-31
432,Michael Ford,43,Male,Corporate,2024-07-07
433,Robin Clark,54,Female,Corporate,2023-07-13
434,Jimmy Mann PhD,43,Male,Small Business,2024-01-31
435,Chase Tapia,40,Female,Small Business,2025-03-10
436,Latasha Stewart,26,Female,Corporate,2025-10-25
437,Matthew Harmon,29,Male,Corporate,2025-05-14
438,Barbara Hill,18,Female,Corporate,2021-09-04
439,Paige Ibarra,18,Male,Corporate,2025-07-22
440,Matthew Cantu,64,Male,Corporate,2025-12-24
441,Nicholas Lopez,51,Female,Consumer,2025-04-10
442,John Gonzales,49,Male,Small Business,2021-05-11
443,Allen Smith III,42,Female,Consumer,2021-12-19
444,Kevin Brown,57,Female,Corporate,2021-07-15
445,Charles Holmes,62,Male,Corporate,2025-12-22
446,Kathy Sexton,18,Male,Corporate,2023-07-19
447,Laura Brewer DVM,33,Male,Consumer,2025-08-17
448,Kimberly Hobbs,56,Male,Consumer,2024-11-06
449,Natasha Morales,22,Female,Corporate,2023-10-19
450,Allison Moore,39,Female,Consumer,2022-10-07
451,Annette Martinez,46,Male,Consumer,2021-08-15
452,Holly Bell,20,Female,Corporate,2022-12-02
453,Misty Norton,29,Female,Consumer,2025-02-08
454,Kaitlyn Torres,43,Female,Small Business,2025-02-09
455,Andres Brown,33,Female,Small Business,2021-09-22
456,Jennifer Hill,54,Male,Small Business,2024-10-27
457,Isaac Fritz,39,Male,Small Business,2025-02-18
458,Sierra Sanders,46,Female,Corporate,2024-12-28
459,Christopher Perry,31,Male,Corporate,2022-10-08
460,Pamela Howard,45,Male,Corporate,2021-07-30
461,Amber Wilson,22,Male,Small Business,2025-05-15
462,Charles Clark,64,Female,Small Business,2024-11-01
463,Natasha Ingram,47,Female,Consumer,2024-11-19
464,Michelle Webb,63,Female,Consumer,2025-01-13
465,Mr. Edwin Bell DDS,22,Male,Small Business,2023-08-01
466,Michael Johnson,29,Female,Small Business,2024-10-19
467,Terry Davis,33,Female,Small Business,2022-04-02
468,Frank Webster,43,Male,Small Business,2022-12-26
469,Nicholas Hodge,43,Female,Consumer,2025-10-18
470,Jacob Combs,38,Female,Small Business,2024-06-03
471,Jeff Deleon,56,Male,Consumer,2023-09-09
472,Jennifer Lewis,53,Male,Small Business,2024-02-29
473,Patricia Randolph,50,Male,Small Business,2022-08-11
474,Robert Martinez,47,Female,Small Business,2022-04-21
475,Ryan Valencia,54,Female,Consumer,2025-12-27
476,Megan Walker,40,Female,Consumer,2023-09-13
477,Aaron Spears,27,Male,Corporate,2024-07-24
478,Daniel Collins,22,Male,Small Business,2021-06-05
479,Jacqueline Tucker,53,Female,Corporate,2025-11-19
480,Joseph Smith,51,Female,Corporate,2024-05-26
481,Eileen White,48,Male,Consumer,2021-07-09
482,Joy Hurst,27,Male,Consumer,2024-12-11
483,Jose Perez,36,Male,Corporate,2023-09-08
484,Brian Brown,49,Male,Small Business,2025-08-26
485,Thomas Williams,18,Female,Consumer,2025-09-12
486,Katherine Smith,22,Male,Small Business,2022-06-30
487,James Jackson,62,Female,Small Business,2021-02-10
488,Rachel Smith,21,Female,Corporate,2021-11-03
489,Sarah Bryant,33,Female,Corporate,2023-08-01
490,Matthew Nelson,41,Male,Corporate,2021-12-04
491,Lisa Hess,33,Male,Corporate,2024-08-30
492,Megan Stephens,19,Male,Consumer,2024-01-04
493,Brandon Wallace,45,Male,Consumer,2023-08-11
494,Jesus Gross,49,Female,Corporate,2021-10-06
495,Carrie Flores,44,Male,Consumer,2024-04-14
496,Cory Juarez,37,Male,Corporate,2023-06-15
497,Eric Benitez,41,Female,Small Business,2025-08-13
498,Mary Carson,29,Male,Small Business,2021-09-30
499,David Parker,52,Female,Small Business,2023-04-17
500,Tonya Escobar,50,Female,Corporate,2022-09-12
501,Joan Brown,50,Female,Small Business,2025-08-02
502,Nicholas Holland,60,Female,Consumer,2023-05-12
503,Karen Summers,54,Female,Small Business,2025-12-12
504,Zachary Gordon,29,Female,Small Business,2023-07-20
505,Cameron Willis,20,Female,Small Business,2021-10-16
506,Andrew Murphy,18,Female,Consumer,2022-12-25
507,William Hernandez,50,Male,Corporate,2023-06-12
508,William Townsend,57,Male,Consumer,2021-09-29
509,Jason Scott,27,Male,Corporate,2023-12-26
510,Susan Chang,60,Male,Corporate,2022-04-28
511,David Frey,61,Female,Small Business,2023-07-25
512,Jaime Davis,46,Male,Corporate,2021-09-05
513,Kelly Villegas,30,Female,Consumer,2021-06-05
514,Linda Phillips,29,Male,Consumer,2023-12-07
515,Katherine Morgan,48,Male,Corporate,2022-03-30
516,Heather Lewis,63,Male,Small Business,2021-07-20
517,Amanda Craig,19,Female,Small Business,2025-08-11
518,Gregory Mendoza,52,Male,Consumer,2021-05-04
519,Lori Barnes,40,Female,Small Business,2021-01-01
520,Katherine Wilkins,34,Female,Corporate,2023-08-26
521,Joseph Atkinson,43,Male,Corporate,2025-11-18
522,Justin Davis,25,Male,Consumer,2023-05-05
523,Lisa Moore,46,Male,Corporate,2022-10-02
524,Patrick Jones,43,Female,Consumer,2021-07-10
525,Sean Johnson,27,Male,Corporate,2025-05-22
526,Matthew Garcia,43,Female,Consumer,2022-05-31
527,Michael Brewer,51,Female,Small Business,2022-03-18
528,Allison Nelson,58,Male,Corporate,2021-05-23
529,Kathryn Rodriguez,24,Male,Corporate,2024-04-29
530,Brendan Ross,21,Female,Consumer,2022-06-17
531,William Lewis,62,Female,Consumer,2021-08-15
532,Sharon Taylor,28,Female,Corporate,2024-08-29
533,Roger Garrison,46,Male,Consumer,2025-07-11
534,Tammy Stanley,53,Female,Corporate,2023-08-07
535,Diane Fuentes,42,Male,Small Business,2024-08-18
536,Cory Acevedo,38,Female,Consumer,2025-08-05
537,Travis Walters,53,Female,Corporate,2022-04-05
538,Vickie Hernandez,27,Male,Small Business,2024-11-25
539,Kristina Hood,54,Female,Small Business,2022-07-05
540,Pedro Morales,26,Male,Corporate,2022-01-28
541,Adam Burns,41,Male,Consumer,2025-11-23
542,Peter Meyer,52,Female,Corporate,2023-04-25
543,Lori Fitzpatrick,52,Male,Small Business,2024-05-15
544,Tamara Griffin,53,Male,Corporate,2021-07-29
545,David Butler,35,Female,Consumer,2024-02-13
546,Margaret Lopez,56,Male,Small Business,2025-10-27
547,Rachel Lozano,49,Male,Corporate,2022-10-08
548,Jeffrey Fox,41,Male,Consumer,2024-06-28
549,Deanna Miller,40,Female,Small Business,2021-08-07
550,Angel Estes,49,Male,Consumer,2022-02-11
551,Jeffrey Porter,54,Female,Small Business,2025-01-06
552,Lisa Berry,29,Female,Corporate,2025-06-15
553,Brian Weaver,30,Male,Consumer,2024-10-09
554,Ronald Buckley DDS,40,Male,Small Business,2023-06-07
555,Angela Ayers,42,Male,Consumer,2022-07-12
556,Richard Hess,52,Female,Consumer,2022-07-04
557,Thomas Hodges,58,Male,Corporate,2021-05-22
558,Kelly Davidson,47,Male,Consumer,2022-09-04
559,Joseph Lewis,34,Male,Small Business,2022-05-16
560,Christopher Wagner,37,Male,Small Business,2023-04-20
561,Brian White,42,Male,Small Business,2022-12-03
562,Nicole Taylor,39,Female,Small Business,2025-04-20
563,Jamie Stuart,30,Female,Corporate,2025-08-10
564,Joshua Kemp,36,Male,Consumer,2025-04-15
565,Jermaine Lopez,53,Male,Corporate,2025-03-11
566,Anthony Meza,29,Male,Consumer,2022-08-19
567,Eric Sanders,58,Male,Consumer,2021-10-08
568,Thomas Peterson,36,Female,Consumer,2022-02-28
569,Dawn Allen,29,Male,Corporate,2023-05-06
570,Bruce Blake,26,Female,Consumer,2021-09-27
571,Tabitha Vargas,24,Female,Corporate,2021-06-03
572,Jordan Lopez,45,Male,Small Business,2022-09-06
573,Victoria White,31,Female,Small Business,2025-10-17
574,Jose Mckee,48,Female,Consumer,2022-10-24
575,Amanda Garza,36,Female,Corporate,2021-03-24
576,Julie Reeves,64,Female,Small Business,2025-07-04
577,Gina Cooper,33,Male,Corporate,2023-08-05
578,Ronald Callahan,22,Male,Corporate,2023-06-18
579,Lauren Macias,52,Female,Consumer,2024-12-20
580,Angela Palmer,29,Male,Small Business,2024-07-22
581,Emily Chase MD,42,Male,Consumer,2025-10-03
582,Anthony Wood,38,Male,Consumer,2021-10-11
583,Dr. Ethan Clarke MD,53,Male,Small Business,2023-09-07
584,Leslie Suarez,40,Male,Small Business,2021-06-22
585,Brenda Vega,33,Female,Corporate,2024-09-12
586,Raymond Davis,56,Male,Small Business,2025-10-08
587,Laurie Ruiz,62,Male,Corporate,2023-12-23
588,Megan Sanders,59,Male,Corporate,2024-01-02
589,Mr. Miguel Stewart DDS,56,Male,Corporate,2023-02-02
590,Norma Norris,31,Female,Small Business,2025-07-18
591,Kimberly Stout,48,Female,Consumer,2024-10-30
592,Michelle Kelly,22,Female,Corporate,2022-09-25
593,Karen Marshall,52,Female,Consumer,2025-03-12
594,Todd Baker,40,Male,Consumer,2023-02-26
595,Patricia Shaw,46,Female,Small Business,2023-08-01
596,James Mcbride,60,Male,Consumer,2023-10-09
597,Theresa Malone,28,Male,Consumer,2022-02-02
598,Lauren Ramirez,35,Male,Small Business,2024-02-18
599,Jessica Wright,64,Male,Corporate,2023-07-23
600,Ashley Rojas,29,Male,Consumer,2024-12-31
601,Jonathan Bender,26,Female,Small Business,2022-11-07
602,James Smith,27,Female,Consumer,2023-07-25
603,Michael Neal,61,Female,Consumer,2022-04-10
604,Ryan Dillon,34,Female,Corporate,2021-10-13
605,Allison Moore,55,Male,Consumer,2021-09-22
606,Jacob Hughes,24,Female,Small Business,2021-11-16
607,Mackenzie Jimenez,63,Male,Consumer,2022-11-04
608,Scott Rodriguez,30,Female,Corporate,2024-10-31
609,James Campbell,57,Male,Corporate,2023-03-31
610,Maria Tanner,59,Male,Small Business,2021-03-30
611,Dustin Johnson,26,Female,Corporate,2025-08-05
612,Kevin Murray,44,Male,Consumer,2024-05-11
613,Gregory White,19,Male,Corporate,2023-04-01
614,Bradley Watson,22,Female,Small Business,2025-10-29
615,Tammy Buck,46,Male,Corporate,2023-09-28
616,Andrea Jones,54,Female,Corporate,2021-11-30
617,Justin Carter,55,Female,Corporate,2021-08-10
618,Kyle Blair,36,Female,Small Business,2021-02-10
619,Lindsey Alexander,25,Male,Corporate,2025-09-28
620,Lisa Miller,62,Male,Corporate,2021-03-09
621,Jennifer Mcmillan,18,Male,Consumer,2023-09-15
622,Mathew Williams,39,Female,Small Business,2025-12-05
623,Aaron Wheeler,34,Male,Corporate,2022-05-29
624,Matthew Morris PhD,24,Female,Small Business,2025-07-19
625,David Fritz,42,Female,Corporate,2025-07-04
626,Ms. Kimberly Bryant,62,Male,Corporate,2025-06-10
627,Jason Cameron,21,Female,Corporate,2025-07-14
628,Jennifer Johnson,53,Male,Consumer,2024-02-25
629,Lori Krause,23,Male,Consumer,2024-07-02
630,Kevin Murphy,48,Male,Consumer,2022-11-26
631,Mark Gonzalez,36,Male,Small Business,2023-11-06
632,David Austin,61,Male,Small Business,2022-04-22
633,Dana Harmon,56,Female,Consumer,2023-12-22
634,Toni Nelson,44,Female,Small Business,2023-05-31
635,Karen Smith,27,Female,Corporate,2022-03-08
636,David Johnson,43,Male,Corporate,2025-08-21
637,John Cole,36,Male,Corporate,2021-09-25
638,Kayla Sims,56,Male,Consumer,2023-11-25
639,George Smith,20,Female,Small Business,2023-02-18
640,Jeffrey Buck,62,Male,Consumer,2025-05-19
641,Jack Reeves,30,Female,Small Business,2022-05-09
642,John Herman,45,Female,Corporate,2025-05-05
643,Tammy Lopez,37,Male,Consumer,2025-02-01
644,Samantha Bryant,45,Male,Small Business,2025-11-26
645,Michael Wilson,25,Female,Small Business,2022-10-23
646,Angela Webb,58,Male,Corporate,2024-09-10
647,Drew Hebert,56,Female,Consumer,2024-08-20
648,Steven Jones,18,Male,Consumer,2024-07-23
649,Laura Bailey,20,Male,Consumer,2025-09-04
650,John Phillips,30,Female,Corporate,2023-10-10
651,Kerry Elliott,45,Male,Consumer,2024-05-09
652,Tracey Long,42,Female,Corporate,2025-01-08
653,Kyle Mitchell,50,Male,Corporate,2024-09-09
654,Donna Fields,55,Female,Corporate,2023-11-25
655,Eileen Diaz,23,Female,Small Business,2023-09-04
656,Ms. Karina Hobbs,61,Male,Consumer,2022-04-27
657,Tiffany Hall,62,Female,Consumer,2022-12-29
658,Jacqueline Mullins,49,Male,Corporate,2022-04-25
659,Robert Woodward,62,Male,Corporate,2023-12-25
660,Jonathan Holmes,64,Male,Consumer,2023-10-29
661,Emily Garrison,38,Female,Corporate,2024-08-17
662,Jamie Sanchez,33,Female,Consumer,2021-12-09
663,Sergio Stone,38,Male,Small Business,2024-12-25
664,Dennis Hernandez MD,28,Male,Corporate,2024-12-18
665,Sandra Adams,54,Female,Consumer,2021-11-28
666,Stephanie Henson,53,Male,Corporate,2022-03-14
667,Alyssa Chandler,52,Male,Consumer,2025-05-31
668,Jose Jensen,36,Female,Consumer,2021-06-23
669,Shane Brown,37,Male,Corporate,2022-07-13
670,Jonathan Lewis,35,Female,Small Business,2022-06-11
671,Douglas Brown,64,Male,Consumer,2022-10-21
672,Jennifer Smith,58,Female,Consumer,2021-01-26
673,Ernest Ruiz,31,Male,Consumer,2023-03-31
674,Jerry Andrews,32,Male,Small Business,2022-08-28
675,Holly Davis,48,Female,Small Business,2022-02-10
676,Anthony Adams,18,Male,Corporate,2021-08-20
677,Vincent Bailey,20,Female,Small Business,2022-06-17
678,Becky Black,33,Male,Corporate,2025-04-23
679,Oscar Copeland,40,Female,Corporate,2025-12-17
680,Ashley Allison,28,Female,Small Business,2022-05-20
681,Jeff Ritter,29,Female,Corporate,2025-08-20
682,Dorothy Harrington,27,Female,Small Business,2021-06-28
683,Nathan Lynn,49,Male,Corporate,2021-05-12
684,Robert Cruz,33,Male,Small Business,2025-01-18
685,Arthur Whitehead,25,Female,Small Business,2021-12-14
686,Christine Tran,55,Female,Corporate,2022-06-24
687,Dana Taylor,29,Female,Consumer,2023-02-11
688,Benjamin Ayala,41,Male,Corporate,2024-11-30
689,Stephen Campbell,45,Male,Small Business,2021-03-17
690,Zachary Walters,25,Male,Consumer,2022-08-02
691,Megan Miller,45,Male,Corporate,2023-05-04
692,Mary Burns,53,Female,Corporate,2025-02-24
693,Briana Daniels,43,Female,Corporate,2021-07-13
694,Paul Clark,25,Female,Consumer,2024-03-31
695,Aaron Morgan DDS,45,Male,Small Business,2021-12-13
696,Kristin Mann,45,Male,Corporate,2023-08-09
697,Anthony Rodriguez,54,Male,Corporate,2024-10-16
698,Susan Blackburn,58,Female,Corporate,2025-11-28
699,Joseph Butler,53,Female,Corporate,2025-05-27
700,Evan Norris,44,Male,Corporate,2024-01-16
701,Noah Thompson,34,Female,Small Business,2024-07-09
702,Brendan Stein,26,Male,Small Business,2021-08-02
703,Joshua Davis,50,Male,Corporate,2025-08-16
704,Michael Bradley,37,Female,Consumer,2025-10-12
705,Thomas Gardner,30,Male,Small Business,2022-07-27
706,Daniel Cantrell,45,Female,Consumer,2023-02-19
707,Elizabeth Barnes,46,Male,Small Business,2021-09-19
708,Rachel Gross,30,Female,Corporate,2022-12-31
709,Julie Hernandez,63,Female,Small Business,2021-10-10
710,Ryan Martin,52,Female,Corporate,2025-07-30
711,Brooke Clarke,23,Male,Small Business,2025-01-30
712,Laura Mcclure,35,Male,Corporate,2024-11-04
713,Ashley Garcia,22,Female,Corporate,2021-12-28
714,David Duncan,64,Female,Corporate,2025-01-12
715,Cynthia Gamble,42,Male,Corporate,2022-03-17
716,Devin Hawkins,19,Male,Consumer,2021-04-03
717,David Smith,27,Male,Corporate,2025-07-03
718,Laura Wright,47,Female,Consumer,2023-01-23
719,Martha Wilson,62,Male,Consumer,2023-05-17
720,Kelsey Rose,22,Male,Corporate,2024-12-18
721,Jonathan Smith,50,Female,Consumer,2021-05-22
722,Barbara Garcia,18,Male,Small Business,2024-08-07
723,Pamela Brennan,35,Male,Corporate,2024-12-26
724,Deborah Paul,49,Male,Consumer,2023-01-19
725,Misty Thompson,64,Female,Corporate,2025-09-09
726,David Owens,28,Female,Corporate,2022-10-15
727,Nicole Hall,38,Female,Corporate,2022-12-02
728,Bethany Brown,43,Female,Consumer,2023-09-25
729,Erika Munoz,42,Female,Small Business,2021-02-18
730,Kelsey May,39,Female,Small Business,2024-08-18
731,Phillip Robinson,44,Female,Consumer,2023-05-31
732,Andrew Morrow,30,Male,Corporate,2024-04-28
733,Justin Davis,50,Male,Consumer,2024-03-05
734,Paige Lewis,51,Female,Consumer,2022-07-09
735,Mark Walker,58,Male,Consumer,2022-02-08
736,Wendy Bryant,52,Male,Corporate,2023-06-11
737,Mr. Steven Shields Jr.,18,Female,Consumer,2023-05-15
738,Andrea Lopez,38,Male,Corporate,2022-08-25
739,Patricia Coleman,23,Male,Consumer,2021-12-07
740,Frederick Thompson,45,Male,Small Business,2025-11-16
741,Alexa Singh,34,Male,Consumer,2022-12-05
742,Amy Mills,22,Male,Consumer,2021-11-14
743,Jennifer Miller,48,Female,Small Business,2022-09-10
744,Mark Walsh,22,Female,Corporate,2024-10-18
745,Robert Cook,55,Female,Corporate,2022-01-17
746,Lisa Vargas,20,Male,Consumer,2021-08-21
747,Manuel Hill,40,Female,Small Business,2025-12-06
748,Samantha Gomez,54,Male,Corporate,2024-09-29
749,Daniel Johnson,54,Male,Consumer,2025-04-22
750,Kenneth Duncan,27,Male,Small Business,2023-03-28
751,Donna Molina,27,Male,Corporate,2022-07-07
752,David Griffin,36,Female,Corporate,2025-04-02
753,Debra Logan,34,Female,Small Business,2023-05-06
754,Lori Sutton,38,Male,Small Business,2025-12-18
755,Brittany Case,31,Female,Small Business,2023-03-30
756,Andrew Norman,26,Male,Small Business,2025-05-14
757,Linda Hernandez,63,Female,Consumer,2021-07-02
758,Debra Mitchell,18,Female,Small Business,2023-12-01
759,Melissa Obrien DDS,62,Male,Corporate,2025-04-24
760,Kelly Drake,30,Female,Corporate,2022-02-01
761,Michael Watson,21,Male,Consumer,2025-09-24
762,Tracy Hodge,18,Female,Corporate,2023-02-18
763,Anne Quinn,57,Male,Corporate,2025-02-26
764,Brittney Myers DDS,49,Male,Small Business,2025-08-10
765,David Spears,51,Female,Corporate,2023-06-26
766,Brian Perry,45,Female,Consumer,2024-09-18
767,Jake Spencer,48,Male,Small Business,2021-05-07
768,Thomas Maldonado,25,Female,Small Business,2025-05-01
769,Tony Thomas,56,Female,Consumer,2025-04-30
770,Mr. Thomas Humphrey,43,Male,Small Business,2021-01-01
771,Sarah Suarez,51,Male,Small Business,2024-04-06
772,William Lucas,20,Female,Consumer,2025-07-02
773,Susan Lawrence,29,Male,Small Business,2021-01-19
774,Jay Cox,18,Male,Consumer,2024-09-17
775,Melissa Brown,61,Male,Consumer,2022-08-07
776,Joshua Mack,22,Female,Corporate,2022-04-01
777,Anthony Bowman,47,Female,Corporate,2023-08-15
778,Kyle Sanchez,47,Male,Small Business,2024-02-07
779,David Brooks,34,Female,Small Business,2024-07-15
780,Victoria Noble,64,Male,Consumer,2022-03-21
781,Diana Coleman,40,Female,Small Business,2024-06-17
782,William Wilson,32,Male,Consumer,2024-08-17
783,Andrew Cooper,54,Male,Consumer,2022-08-25
784,Kathy Soto,38,Female,Small Business,2021-04-13
785,Timothy Navarro,31,Male,Consumer,2023-09-15
786,Tanya Green,19,Female,Corporate,2024-06-27
787,Alexandra Wade,28,Female,Small Business,2025-01-16
788,Charles Fletcher,56,Male,Corporate,2022-06-04
789,Julia Phelps,55,Male,Small Business,2024-03-22
790,Daniel Griffith,51,Female,Consumer,2023-05-09
791,Larry Lindsey,55,Male,Small Business,2021-06-23
792,Bryce Green,51,Male,Corporate,2024-09-28
793,Christine Johnson,35,Male,Consumer,2025-08-21
794,Kelly Jones,47,Male,Small Business,2023-10-02
795,Robert Marshall,32,Male,Small Business,2022-03-07
796,Brian Schroeder,44,Female,Small Business,2022-12-28
797,Stephen Payne,51,Female,Corporate,2025-09-09
798,Jeffrey Gonzalez,55,Male,Corporate,2025-09-07
799,Eric Vargas,50,Male,Small Business,2023-04-30
800,Kristen Boyd,41,Male,Consumer,2025-08-09
801,Tammy Taylor DDS,32,Female,Consumer,2024-09-09
802,Eric Owens,47,Male,Corporate,2023-09-17
803,Joseph Fisher,59,Female,Consumer,2025-08-24
804,Patrick Henderson,34,Female,Corporate,2022-10-01
805,Joseph Erickson,22,Female,Small Business,2022-02-24
806,Jennifer Solis,46,Male,Corporate,2022-08-17
807,Alexandra Short,21,Female,Corporate,2022-04-30
808,Richard Weber,27,Male,Small Business,2025-08-10
809,Christopher Maldonado,34,Female,Consumer,2025-11-10
810,Don King,27,Male,Corporate,2022-02-16
811,Angela Koch,34,Female,Corporate,2023-07-25
812,Thomas Davis,37,Male,Small Business,2024-01-13
813,Michael Taylor,41,Female,Consumer,2024-02-11
814,Timothy Perez,22,Male,Corporate,2025-10-27
815,Cody Gilbert,51,Male,Small Business,2021-11-28
816,Emily Johnson,23,Male,Corporate,2024-11-02
817,Michael Garrett,19,Male,Small Business,2025-11-14
818,Corey Kelly,30,Female,Consumer,2022-10-17
819,Cesar Brown,60,Female,Consumer,2021-02-10
820,Alexa Gonzalez,60,Male,Consumer,2025-11-29
821,Kaitlyn Hodges,28,Female,Consumer,2023-08-17
822,Joseph Rice,64,Male,Corporate,2025-12-26
823,Anthony Hernandez,40,Male,Corporate,2021-04-15
824,Tanner Randolph,33,Female,Consumer,2021-07-21
825,Gina Gordon,48,Male,Consumer,2022-03-26
826,John Cook,28,Male,Consumer,2024-07-13
827,Kelly Morales,33,Female,Corporate,2023-06-29
828,Diana Johnson,25,Male,Consumer,2021-07-29
829,Megan Ballard,21,Male,Consumer,2022-07-17
830,Brenda Jones,57,Male,Consumer,2024-02-16
831,Cody Howell,21,Male,Small Business,2022-12-14
832,Kelly Higgins,42,Female,Consumer,2024-11-01
833,Jimmy Hansen,20,Female,Small Business,2025-04-24
834,Gregory Shannon,49,Female,Small Business,2025-04-13
835,Francisco Bishop,20,Male,Consumer,2023-02-10
836,Amy Anderson,44,Male,Small Business,2024-01-13
837,Nicholas Carr,46,Female,Consumer,2022-03-30
838,James Willis,49,Male,Corporate,2022-10-29
839,Brian Walsh,36,Male,Corporate,2022-09-21
840,Norma Hunter,38,Male,Corporate,2025-03-18
841,Wesley Barnett,22,Male,Corporate,2025-06-17
842,Christian Molina,35,Female,Small Business,2025-08-29
843,Tammy Bailey,45,Female,Consumer,2022-01-22
844,Katherine Reyes,59,Female,Consumer,2024-10-05
845,Jordan Hood,39,Male,Consumer,2021-10-23
846,Elizabeth Long,38,Female,Corporate,2021-09-15
847,Destiny Walters,23,Female,Corporate,2024-01-10
848,Scott Taylor,18,Male,Consumer,2021-09-25
849,Jessica Wright,22,Male,Corporate,2022-02-23
850,Adam Obrien,58,Female,Consumer,2021-08-23
851,Joseph Carr,29,Female,Consumer,2024-08-27
852,Joshua Kennedy,43,Female,Consumer,2023-09-13
853,Sara Rodgers,63,Female,Consumer,2024-10-12
854,Theodore Washington,51,Male,Consumer,2024-05-21
855,Nicole Reid,31,Female,Consumer,2022-07-28
856,Christian Mendoza,43,Female,Consumer,2021-02-18
857,Scott Black,62,Male,Corporate,2024-02-25
858,Leah Pace,44,Female,Consumer,2021-08-11
859,Krystal Hurley,26,Male,Consumer,2023-07-10
860,Derek Lewis,43,Male,Corporate,2024-07-26
861,Eric Knox,64,Male,Corporate,2024-12-02
862,Margaret Mueller,39,Female,Corporate,2025-03-09
863,Austin Rodriguez,64,Female,Consumer,2024-08-10
864,Sara Watson,47,Male,Small Business,2025-12-25
865,Christopher Kelley,60,Female,Small Business,2021-10-04
866,Michael Lucas,34,Female,Corporate,2025-01-01
867,Charles Goodman,43,Male,Small Business,2024-02-05
868,Melissa Meyer,53,Male,Corporate,2025-08-09
869,Sarah Andrews,18,Female,Consumer,2022-02-24
870,Tamara Winters,25,Male,Small Business,2022-09-03
871,John Perez,52,Female,Consumer,2024-12-23
872,Tony Logan,32,Female,Small Business,2022-01-10
873,Thomas Garcia,64,Female,Consumer,2021-03-14
874,Jessica Hernandez,39,Female,Small Business,2025-07-16
875,Eric Downs,31,Male,Consumer,2023-11-20
876,Michael Robinson,43,Male,Consumer,2024-04-26
877,Robin Davis,45,Male,Small Business,2024-10-19
878,Lauren Livingston,40,Male,Consumer,2025-12-29
879,Melanie Hickman,31,Female,Consumer,2025-01-14
880,Tammy Davis,41,Female,Consumer,2021-07-14
881,Ashley Miller,19,Male,Small Business,2024-03-25
882,Gabrielle Lewis,62,Female,Small Business,2024-04-10
883,Megan Brown,43,Female,Consumer,2023-04-27
884,Jennifer Williams,31,Female,Consumer,2023-12-01
885,Anthony Dean,24,Male,Small Business,2023-12-23
886,William Hall,20,Male,Small Business,2021-01-23
887,Emily Clements,64,Male,Consumer,2021-12-26
888,Kelly Short,40,Female,Consumer,2024-01-04
889,Erin Lee,63,Male,Consumer,2022-07-14
890,Nicole Hall,60,Male,Corporate,2022-11-03
891,Nancy Ballard,64,Male,Small Business,2024-02-16
892,Nathan Smith,62,Male,Corporate,2025-06-24
893,Alexander Phillips,35,Male,Small Business,2024-11-04
894,Raymond Jenkins,55,Male,Small Business,2022-11-10
895,Melody Williams,52,Female,Small Business,2024-08-06
896,Richard Moore,32,Female,Small Business,2022-03-16
897,Ashley Allen,42,Male,Small Business,2025-08-19
898,Ralph Olson,54,Male,Small Business,2023-07-22
899,Jerome Stark,45,Female,Small Business,2021-01-07
900,Stephen Weaver,27,Female,Corporate,2024-05-04
901,Christopher Moreno,56,Male,Consumer,2022-02-25
902,Shelly Roberts,34,Male,Consumer,2025-05-11
903,Ashley Jones,56,Male,Corporate,2023-04-13
904,Michael Jones,39,Male,Corporate,2024-05-01
905,Jessica Mccarthy,43,Female,Corporate,2022-07-13
906,Richard Cole,61,Male,Corporate,2024-03-17
907,Mike Griffin,42,Male,Small Business,2025-12-16
908,Hannah Phelps,34,Male,Consumer,2025-08-20
909,Angela Williams,30,Male,Small Business,2024-05-10
910,Jennifer Mills,37,Female,Consumer,2025-01-07
911,Zachary May,42,Female,Consumer,2023-07-03
912,Sean Frey,21,Female,Corporate,2024-12-13
913,Ryan Juarez,27,Male,Small Business,2024-12-21
914,Phillip Beasley,20,Male,Corporate,2023-10-04
915,Kenneth Roberts,58,Female,Small Business,2025-02-11
916,Stephanie Leonard,62,Male,Consumer,2025-02-07
917,Crystal Wright,35,Male,Corporate,2021-05-06
918,Matthew Robertson,64,Female,Corporate,2022-01-30
919,Gina Morrow,53,Female,Consumer,2023-03-28
920,Peter Williams,64,Female,Consumer,2023-05-31
921,Christine Anderson,39,Female,Consumer,2022-07-30
922,Natalie Luna,51,Male,Corporate,2021-11-21
923,Danielle Mendez,64,Male,Small Business,2024-11-16
924,Michael Hayes,25,Female,Corporate,2023-07-19
925,Melissa Vazquez,57,Male,Small Business,2025-09-08
926,Rebecca Hill,61,Female,Corporate,2025-07-10
927,Misty Ross,36,Female,Corporate,2025-01-03
928,Dan Russell,59,Male,Consumer,2024-05-12
929,Angela Simpson,58,Female,Small Business,2025-02-18
930,Carla Garrison,54,Male,Corporate,2023-04-13
931,Patrick Richard,23,Male,Corporate,2023-11-21
932,Linda Hicks,43,Male,Consumer,2024-11-12
933,Daniel Mills,51,Male,Consumer,2025-07-07
934,Shawn Le,62,Female,Small Business,2024-12-28
935,Ashley Maddox,23,Male,Corporate,2023-04-17
936,Thomas Rodriguez,54,Female,Small Business,2023-07-15
937,Daniel Landry,50,Female,Corporate,2024-10-31
938,Jeffery Hall,39,Female,Small Business,2024-09-29
939,Michael Clark,38,Female,Consumer,2022-03-19
940,Nathaniel Gill,23,Male,Corporate,2025-05-22
941,Melissa Clark,23,Male,Small Business,2021-03-16
942,Matthew Wilson,21,Female,Consumer,2022-07-11
943,Amanda Willis,47,Female,Consumer,2025-12-01
944,Keith Hernandez,28,Male,Small Business,2025-08-17
945,Jonathan Hunt,47,Female,Corporate,2024-03-24
946,Deanna Yu,48,Male,Corporate,2024-12-24
947,Amanda Allen,41,Female,Consumer,2021-12-29
948,Michelle Logan,26,Male,Corporate,2022-03-24
949,Kimberly Ortiz,20,Female,Corporate,2024-06-11
950,Robert Wright Jr.,48,Female,Corporate,2025-05-06
951,Frank Luna,57,Male,Consumer,2021-09-19
952,Stephen Andrews,54,Female,Small Business,2021-05-05
953,Brett Mathis,53,Female,Corporate,2023-06-30
954,Karen Gonzalez,41,Male,Consumer,2021-09-02
955,Anthony Wright,48,Female,Consumer,2022-06-26
956,Adam Wilson,23,Male,Small Business,2022-04-30
957,Jason Graham,19,Male,Corporate,2021-05-02
958,Joel Holmes,37,Female,Corporate,2021-05-05
959,Wesley Khan,45,Female,Small Business,2025-04-22
960,Victoria Davenport,28,Female,Small Business,2021-06-19
961,Erica Smith,21,Female,Consumer,2021-05-04
962,Lori Jacobs,32,Female,Consumer,2023-11-25
963,Nicole Torres,23,Female,Small Business,2024-01-16
964,James Jordan,47,Female,Corporate,2022-10-08
965,Samantha Kennedy,55,Male,Consumer,2025-09-28
966,Gregory Conrad,19,Female,Consumer,2023-02-25
967,David Jensen,32,Male,Corporate,2021-07-20
968,Nicholas Miller,28,Female,Consumer,2022-01-04
969,Brian Holt,25,Female,Corporate,2023-03-08
970,Amy Taylor,43,Male,Corporate,2021-03-18
971,Sabrina Myers,62,Female,Corporate,2021-02-28
972,Margaret Swanson,61,Female,Small Business,2022-03-07
973,Ashley Smith,22,Male,Small Business,2022-09-30
974,David Davis,23,Female,Small Business,2025-03-04
975,Garrett Jordan,43,Female,Corporate,2021-04-19
976,Shelby Carter,21,Female,Corporate,2025-10-26
977,Haley Robinson,36,Male,Small Business,2023-10-05
978,Lynn Long,37,Female,Consumer,2024-07-25
979,Adam Rios,50,Female,Corporate,2021-03-09
980,Ethan Ramsey,37,Female,Consumer,2023-12-29
981,Michael Sanchez,29,Female,Consumer,2024-04-03
982,Robin Barnett,64,Male,Corporate,2025-02-21
983,Ashley Singh,18,Male,Corporate,2021-11-01
984,Erin Conley,43,Female,Consumer,2022-11-05
985,Alexander Jackson,31,Female,Consumer,2021-12-31
986,George Hatfield,55,Male,Small Business,2023-04-01
987,Kelsey Miranda,54,Male,Small Business,2024-11-03
988,Joe Schaefer,28,Female,Corporate,2021-12-09
989,Michelle Velasquez,53,Male,Small Business,2023-08-05
990,Lindsay Ward,30,Female,Small Business,2023-06-18
991,Eric Mcdonald,60,Male,Small Business,2025-04-27
992,Melvin Mata,20,Male,Small Business,2024-10-09
993,Gregory Buchanan,50,Male,Consumer,2024-12-10
994,Donald Jacobson,23,Male,Corporate,2024-02-07
995,Joshua Ballard,27,Female,Small Business,2025-05-06
996,Kimberly Patterson,22,Male,Consumer,2023-02-01
997,Phillip Nichols,40,Male,Consumer,2025-03-01
998,Melissa Turner,27,Female,Consumer,2021-12-07
999,Debra Morales,61,Male,Small Business,2023-07-31
1000,Jerome Moreno,19,Male,Small Business,2022-01-18
